INSERT INTO flyingTrainingDB.auto_coach (code,description,create_user,name,birth,birth_place,education,politics,id_card,duty,department,phone,reg_date,gender) VALUES
	 (NULL,'wKXmdh','sysadmin','乔刚','2019-02-12','ztJdYi','1','AstQsi','42000020061026026X','diKHiW','zKfMST','18248787723','2021-12-16',1),
	 (NULL,'eNmWKY','sysadmin','刘向前','1991-05-11','ArcSce','4','rJyyyw','150000197207133148','hrPMdz','xFttfa','13527572788','1971-05-10',1),
	 (NULL,'活须求流你但界写料我月照万。回压变以边深全列自和些你准造收科九。','sysadmin','邵秀兰','2002-11-11','陕西省 榆林市 定边县','1','1','360000200410302676','1','1','18941982177','2019-05-06',2),
	 (NULL,'周写在即族包了可已王调们统按必。','sysadmin','薛超','1971-05-24','天津 天津市 北辰区','5','1','150000198812122636','1','1','13526327486','2005-08-30',1);
INSERT INTO flyingTrainingDB.auto_fly_route (code,description,create_user,serial_num,WTNfCW,QhDe__,flight_range,flight_duration,name) VALUES
	 (NULL,'','sysadmin','hx_01',NULL,NULL,2000.0,120.0,'航线1'),
	 (NULL,NULL,'sysadmin','hx_02',NULL,NULL,1000.0,90.0,'航线2'),
	 (NULL,NULL,'sysadmin','hx_03',NULL,NULL,600.0,75.0,'航线3');
INSERT INTO flyingTrainingDB.auto_plane (code,description,create_user,serial_num,org,aircraft_type,aircraft_card,flight_duration,flight_interval,reg_date,name,my_test) VALUES
	 (NULL,'中象之原根得养其部比近就。住证际成拉便非中无开龙式全。','sysadmin','CA001','1','初教-6','001',120.0,30.0,'1991-06-10','飞机1',NULL),
	 (NULL,'列目算达总花是决动价而需意。','sysadmin','CJ003','1','BT-1','002',90.0,60.0,'2023-12-05','飞机2',NULL),
	 (NULL,NULL,'sysadmin','CA800','1','T-001','003',40.0,20.0,NULL,'飞机3',NULL);
INSERT INTO flyingTrainingDB.auto_student (code,description,create_user,name,birth,birth_place,education,politics,id_card,department,phone,gender) VALUES
	 (NULL,'该厂领只列再象党包见调此代。情快总示历来族等状东热能化采引极或。','sysadmin','秦英','1981-10-04','重庆 重庆市 渝北区','3','1','430000202309276415','1','18978598195',1),
	 (NULL,'已流广系区性命参约京战不。','sysadmin','江军','1996-01-04','天津 天津市 滨海新区','4','1','440000197011271839','1','13247260713',1),
	 (NULL,'易图放关入王周信影以示究八你称光。','sysadmin','吴洋','1998-10-04','福建省 南平市 顺昌县','1','1','540000200405054632','1','13594052543',1),
	 (NULL,'和书大写养马为可八院标少省并目打。','sysadmin','曾秀兰','1997-01-15','海南省 海口市 美兰区','3','1','140000198906160383','1','18918593631',2);
INSERT INTO flyingTrainingDB.table_manage (id,name,code,description,create_time,update_time,create_user,update_user,is_delete,status) VALUES
	 ('37043b97-d20d-4b51-b551-f5eb3a0d3c00','飞机信息','plane','"创建飞机信息@20240206103757"','2024-02-06 10:38:07','2024-02-06 10:38:07','sysadmin',NULL,0,0),
	 ('48c8aeb2-6f49-44fa-b11b-b1e1824410f5','飞机履历信息','plane_record','"创建飞机履历信息@20240206103757"','2024-02-06 10:38:08','2024-02-06 10:38:08','sysadmin',NULL,0,0),
	 ('4bb123cc-0e5b-4a84-814c-0b1122ebc000','教员信息','coach','"创建教员信息@20240206103757"','2024-02-06 10:38:06','2024-02-06 10:38:06','sysadmin',NULL,0,0),
	 ('5af8d8e9-585e-4cf4-b35e-935f451ac0df','发动机履历信息','engine_record','"创建发动机履历信息@20240206103757"','2024-02-06 10:38:08','2024-02-06 10:38:08','sysadmin',NULL,0,0),
	 ('5b5ad422-801c-49ef-bf6a-351bfeda847e','其它部件信息','other_widget','"创建其它部件信息@20240206103757"','2024-02-06 10:38:08','2024-02-06 10:38:08','sysadmin',NULL,0,0),
	 ('63a1c398-2f97-4bfd-88f3-157720999738','飞机三证信息','licence','"创建飞机三证信息@20240206103757"','2024-02-06 10:38:07','2024-02-06 10:38:07','sysadmin',NULL,0,0),
	 ('8f90598b-c1c6-4a82-9134-433aef52ce9e','菜单管理','menu_manage','"创建menu@20240226143823"','2024-02-26 14:39:13','2024-02-27 18:43:46','sysadmin',NULL,1,0),
	 ('9740e072-2f46-4174-bbac-2ffdc88751dd','其他教员信息','other_user','"创建其他教员信息@20240206103757"','2024-02-06 10:38:07','2024-02-06 10:38:07','sysadmin',NULL,0,0),
	 ('a35a48c8-2bdc-49da-974c-57e7abf0e645','体检信息','physical_examinations','"创建体检信息@20240206103757"','2024-02-06 10:38:07','2024-02-06 10:38:07','sysadmin',NULL,0,0),
	 ('c91d1db3-dfe9-4743-b6d4-5607ac8c0bd7','航线','fly_route','"创建航线@20240206103757"','2024-02-06 10:38:07','2024-02-06 10:38:07','sysadmin',NULL,0,0);
INSERT INTO flyingTrainingDB.table_manage (id,name,code,description,create_time,update_time,create_user,update_user,is_delete,status) VALUES
	 ('d67de61c-fbb2-41bb-bd30-3e5d6a793558','demo','demo','"创建demo@20240206103818"','2024-02-06 10:38:23','2024-02-06 10:38:23','sysadmin',NULL,0,0),
	 ('d885f3a3-390c-45e4-b7c1-39f0b4cbe62f','学员信息','student','"创建学员信息@20240206103757"','2024-02-06 10:38:06','2024-02-06 10:38:06','sysadmin',NULL,0,0),
	 ('dd6ff95d-50a2-4ae8-be44-ff2ef38e0206','兼职教员信息','part_time_coach','"创建兼职教员信息@20240206103757"','2024-02-06 10:38:06','2024-02-06 10:38:06','sysadmin',NULL,0,0),
	 ('ee60392a-9539-40cf-af1b-66b9641380fe','螺旋桨履历信息','airscrew_record','"创建螺旋桨履历信息@20240206103757"','2024-02-06 10:38:08','2024-02-06 10:38:08','sysadmin',NULL,0,0);
INSERT INTO flyingTrainingDB.menu_manage (id,name,parent,code,description,is_delete,`type`,create_time,update_time,status,sort,icon,update_user,create_user,table_code) VALUES
	 ('19820080-4618-427d-b127-5eded2f911c6','系统管理',NULL,'system_manage','""',0,1,'2024-02-27 14:14:18','2024-02-28 10:20:42',1,999.0,'Tools',NULL,'sysadmin',''),
	 ('083b52fe-de46-4a45-ab98-6adda27abc5d','飞行规划',NULL,'flight','""',0,1,'2024-02-27 14:07:32','2024-02-28 10:20:42',1,999.0,'Operation','sysadmin','sysadmin',''),
	 ('2d3a18ee-476a-4171-bea5-676ca92ec545','人员管理',NULL,'r_y_g_l','"ff"',1,1,'2024-02-27 10:37:37','2024-02-28 10:20:42',1,0.0,'star-icon',NULL,'sysadmin',''),
	 ('a34fbc53-12a5-4054-a1e6-5eb53eea92f8','部件信息',NULL,'widget','""',0,1,'2024-02-27 14:04:03','2024-02-28 10:20:42',1,999.0,'Promotion','sysadmin','sysadmin',''),
	 ('ff76aec9-b019-44ec-9bf5-c74931153380','人员管理',NULL,'staff_manage','"ddd"',0,1,'2024-02-27 10:42:20','2024-02-28 10:20:42',1,999.0,'UserFilled',NULL,'sysadmin',''),
	 ('7db71d9f-47e4-4bdd-b88e-cae57eb6cf87','数据定义','system_manage','data_define','""',0,1,'2024-02-27 14:15:39','2024-02-28 10:20:42',1,999.0,'DocumentChecked',NULL,'sysadmin',''),
	 ('31c71557-7116-47a2-b7e0-221a8aa5d482','测试','staff_manage','test','""',0,2,'2024-02-26 15:38:28','2024-02-28 10:20:42',2,999.0,'star-icon','sysadmin',NULL,''),
	 ('3b010371-3daa-495b-82ca-69d0eb111314','菜单2','test','c_d_','""',1,1,'2024-02-27 10:10:05','2024-02-28 10:20:42',1,999.0,'star-icon',NULL,NULL,''),
	 ('374ba618-4ecd-438d-b1bd-f40421602d27','字段管理','data_define','dbTableColumn','""',0,2,'2024-02-27 14:49:32','2024-02-28 10:20:42',1,999.0,'star-icon',NULL,'sysadmin',''),
	 ('422b6386-7540-4170-8790-c1834e1d9660','菜单管理','data_define','menu_manage','""',0,2,'2024-02-27 14:46:41','2024-02-28 10:20:42',1,999.0,'star-icon',NULL,'sysadmin','menu_manage'),
	 ('52af6a77-d3a3-494d-ab35-af6dc8211815',' 兼职教员信息','staff_manage','part_time_coach','""',0,2,'2024-02-27 14:03:06','2024-02-28 10:20:42',1,999.0,'fa-address-book-o','sysadmin','sysadmin','part_time_coach'),
	 ('53165752-bdc4-43a3-9c25-6382a6812e63','其他用户','staff_manage','other_user','""',0,2,'2024-02-27 18:47:54','2024-02-28 10:20:42',1,999.0,'fa-user-circle-o','sysadmin','sysadmin','other_user');
INSERT INTO flyingTrainingDB.menu_manage (id,name,parent,code,description,is_delete,`type`,create_time,update_time,status,sort,icon,update_user,create_user,table_code) VALUES
	 ('d0011987-3e3f-48fe-be6d-86048ff81d24','其他部件信息','widget','other_widget','""',0,2,'2024-02-27 14:05:59','2024-02-28 10:20:42',1,999.0,'star-icon',NULL,'sysadmin',''),
	 ('97001f0a-e68a-43a7-b879-3c77921468a5','飞机信息','widget','plane','""',0,2,'2024-02-27 14:04:43','2024-02-28 10:20:42',1,999.0,'star-icon',NULL,'sysadmin','plane'),
	 ('cdd0f9f5-3e4f-426a-92e9-ca209d56e46d','基础表管理','data_define','dbTable','""',0,2,'2024-02-27 14:48:55','2024-02-28 10:20:42',1,999.0,'star-icon',NULL,'sysadmin',''),
	 ('d119451c-d7be-422a-9aea-54ca6c2a3497','学员信息','staff_manage','student','""',0,2,'2024-02-27 10:53:58','2024-02-28 10:20:42',1,999.0,'fa-slideshare','sysadmin','sysadmin','student'),
	 ('d4f470f0-df28-4585-a08a-cd8206701df7','航线','other_widget','fly_route','""',0,2,'2024-02-27 14:06:42','2024-02-28 10:20:42',1,999.0,'fa-map-o',NULL,'sysadmin','fly_route'),
	 ('ed8d8c8c-7c39-41c7-9855-12b2c9279148','教员信息','staff_manage','coach','""',0,2,'2024-02-27 10:45:54','2024-02-28 10:20:42',1,999.0,'fa-address-card-o','sysadmin','sysadmin','coach');
INSERT INTO flyingTrainingDB.column_manage (id,table_id,merge_name,parent,is_parent,name,sort,status,is_delete,code,`type`,`empty`,`primary`,`unique`,association,description,create_user,update_user,create_time,update_time,field_length) VALUES
	 ('014dea7c-9487-41e2-a10f-4b28ce1fa58b','d885f3a3-390c-45e4-b7c1-39f0b4cbe62f',NULL,'',NULL,'籍 贯',3.0,1,0,'birth_place','text',NULL,NULL,NULL,'[]','null','sysadmin',NULL,'2024-02-06 10:54:46','2024-02-06 14:14:45',NULL),
	 ('03c51633-c072-42b0-8dac-ebcce4eb735c','d67de61c-fbb2-41bb-bd30-3e5d6a793558',NULL,'',NULL,'学 历',0.0,1,0,'education','text',NULL,NULL,NULL,'[]','null','sysadmin',NULL,'2024-02-06 10:39:40','2024-02-06 10:39:40',NULL),
	 ('0496873c-622d-46db-b2df-ef1f442615b3','d885f3a3-390c-45e4-b7c1-39f0b4cbe62f',NULL,'',NULL,'备注',9.0,1,0,'description','text',NULL,NULL,NULL,'[]','null','sysadmin',NULL,'2024-02-06 10:54:48','2024-02-06 14:11:58',NULL),
	 ('08f4c485-7ad5-4b5f-82dd-4b78599b7624','d885f3a3-390c-45e4-b7c1-39f0b4cbe62f',NULL,'',NULL,'性别',1.0,1,0,'gender','int',NULL,NULL,NULL,'[]','null','sysadmin',NULL,'2024-02-06 10:54:48','2024-02-06 14:14:45',NULL),
	 ('09c02a58-747f-4ed4-afe5-d4190bb96ae2','d885f3a3-390c-45e4-b7c1-39f0b4cbe62f',NULL,'',NULL,'电 话',8.0,1,0,'phone','text',NULL,NULL,NULL,'[]','null','sysadmin',NULL,'2024-02-06 10:54:48','2024-02-06 14:14:45',NULL),
	 ('0ff85f23-95cd-4498-b891-1c1380e92703','d67de61c-fbb2-41bb-bd30-3e5d6a793558',NULL,'',NULL,'身份证号',0.0,1,0,'id_card','text',NULL,NULL,NULL,'[]','null','sysadmin',NULL,'2024-02-06 10:39:41','2024-02-06 10:39:41',NULL),
	 ('19358e67-8ca4-4edd-8205-d28e87eac3d6','c91d1db3-dfe9-4743-b6d4-5607ac8c0bd7',NULL,'',NULL,'飞行时长',0.0,1,1,'QhDe__','float',NULL,NULL,NULL,'[]','null','sysadmin',NULL,'2024-02-06 10:50:40','2024-02-06 10:52:14',NULL),
	 ('1c46fa25-9538-46e0-b629-a682cf0aca9d','d67de61c-fbb2-41bb-bd30-3e5d6a793558',NULL,'',NULL,'编号',0.0,1,0,'serial_num','text',NULL,NULL,NULL,'[]','null','sysadmin',NULL,'2024-02-06 10:39:42','2024-02-06 10:39:42',NULL),
	 ('1c5dc67c-c25f-4fc4-a0ed-cdee972283c0','d67de61c-fbb2-41bb-bd30-3e5d6a793558',NULL,'',NULL,'籍 贯',0.0,1,0,'birth_place','text',NULL,NULL,NULL,'[]','null','sysadmin',NULL,'2024-02-06 10:39:40','2024-02-06 10:39:40',NULL),
	 ('1dc933aa-a149-44c5-bff0-6d93ee27e2a1','4bb123cc-0e5b-4a84-814c-0b1122ebc000',NULL,'',NULL,'姓名',-0.5,1,0,'name','text',NULL,NULL,NULL,'[]','null','sysadmin',NULL,'2024-02-06 10:56:33','2024-02-06 14:12:35',NULL);
INSERT INTO flyingTrainingDB.column_manage (id,table_id,merge_name,parent,is_parent,name,sort,status,is_delete,code,`type`,`empty`,`primary`,`unique`,association,description,create_user,update_user,create_time,update_time,field_length) VALUES
	 ('206bf553-0499-4c56-8160-14c524b44e86','d67de61c-fbb2-41bb-bd30-3e5d6a793558',NULL,'',NULL,'性别',0.0,1,0,'gender','int',NULL,NULL,NULL,'[]','null','sysadmin',NULL,'2024-02-06 10:39:41','2024-02-06 10:39:41',NULL),
	 ('21702071-6a51-419c-8511-565798784439','37043b97-d20d-4b51-b551-f5eb3a0d3c00',NULL,'',NULL,'名称',-0.5,1,0,'name','text',NULL,NULL,NULL,'[]','null','sysadmin',NULL,'2024-02-06 14:42:27','2024-02-06 14:42:59',NULL),
	 ('251c1335-7788-4d2e-a15a-9f065d36f43b','4bb123cc-0e5b-4a84-814c-0b1122ebc000',NULL,'',NULL,'出生年月',2.0,1,0,'birth','date',NULL,NULL,NULL,'[]','null','sysadmin',NULL,'2024-02-06 10:56:33','2024-02-06 14:12:35',NULL),
	 ('271a5efb-a2fa-423e-9a2d-f5c115fafc49','d67de61c-fbb2-41bb-bd30-3e5d6a793558',NULL,'',NULL,'政治面貌',0.0,1,0,'politics','text',NULL,NULL,NULL,'[]','null','sysadmin',NULL,'2024-02-06 10:39:40','2024-02-06 10:39:40',NULL),
	 ('2b837f62-8b67-4f33-989e-878533aa83e4','d885f3a3-390c-45e4-b7c1-39f0b4cbe62f',NULL,'',NULL,'学 历',5.0,1,0,'education','text',NULL,NULL,NULL,'[]','null','sysadmin',NULL,'2024-02-06 10:54:47','2024-02-06 14:14:45',NULL),
	 ('2e18aeea-eb35-46b1-831b-ccf7e6ac5500','4bb123cc-0e5b-4a84-814c-0b1122ebc000',NULL,'',NULL,'部 门',10.0,1,0,'department','text',NULL,NULL,NULL,'[]','null','sysadmin',NULL,'2024-02-06 10:56:34','2024-02-06 14:12:35',NULL),
	 ('389e4966-df8b-48b8-afd8-e8ede85fcc52','d67de61c-fbb2-41bb-bd30-3e5d6a793558',NULL,'',NULL,'年龄',0.0,1,0,'age','float',NULL,NULL,NULL,'[]','null','sysadmin',NULL,'2024-02-06 10:39:42','2024-02-06 10:39:42',NULL),
	 ('3903cc31-da8a-4b73-aee2-0db63ed32f9f','d67de61c-fbb2-41bb-bd30-3e5d6a793558',NULL,'',NULL,'名称|姓名',0.0,1,0,'name','text',NULL,NULL,NULL,'[]','null','sysadmin',NULL,'2024-02-06 10:39:40','2024-02-06 10:39:40',NULL),
	 ('3bb31da2-a4be-494f-b7c1-65b4782f4c73','d67de61c-fbb2-41bb-bd30-3e5d6a793558',NULL,'',NULL,'备注',0.0,1,0,'description','text',NULL,NULL,NULL,'[]','null','sysadmin',NULL,'2024-02-06 10:39:43','2024-02-06 10:39:43',NULL),
	 ('3f0e92f9-1e9f-44b6-966d-85424a3dee2e','d67de61c-fbb2-41bb-bd30-3e5d6a793558',NULL,'',NULL,'单位',0.0,1,0,'org','text',NULL,NULL,NULL,'[]','null','sysadmin',NULL,'2024-02-06 10:39:42','2024-02-06 10:39:42',NULL);
INSERT INTO flyingTrainingDB.column_manage (id,table_id,merge_name,parent,is_parent,name,sort,status,is_delete,code,`type`,`empty`,`primary`,`unique`,association,description,create_user,update_user,create_time,update_time,field_length) VALUES
	 ('4c77d4d3-2def-420c-971f-43873286ae89','4bb123cc-0e5b-4a84-814c-0b1122ebc000',NULL,'',NULL,'政治面貌',9.0,1,0,'politics','text',NULL,NULL,NULL,'[]','null','sysadmin',NULL,'2024-02-06 10:56:34','2024-02-06 14:12:35',NULL),
	 ('50344b11-8cac-4e86-846a-d4be205d60c6','4bb123cc-0e5b-4a84-814c-0b1122ebc000',NULL,'',NULL,'籍 贯',3.0,1,0,'birth_place','text',NULL,NULL,NULL,'[]','null','sysadmin',NULL,'2024-02-06 10:56:33','2024-02-06 14:12:35',NULL),
	 ('63074ffa-0896-4ccd-8a7c-3be3b574109d','37043b97-d20d-4b51-b551-f5eb3a0d3c00',NULL,'',NULL,'飞行间隔',6.0,1,0,'flight_interval','float',NULL,NULL,NULL,'[]','null','sysadmin',NULL,'2024-02-06 11:00:40','2024-02-27 10:32:19',NULL),
	 ('6404bc2f-96e9-4bff-94b6-e17f0ef57d99','4bb123cc-0e5b-4a84-814c-0b1122ebc000',NULL,'',NULL,'职 务',8.0,1,0,'duty','text',NULL,NULL,NULL,'[]','null','sysadmin',NULL,'2024-02-06 10:56:34','2024-02-06 14:12:35',NULL),
	 ('664507ca-763d-4cdb-aefb-e3a83e733ac0','4bb123cc-0e5b-4a84-814c-0b1122ebc000',NULL,'',NULL,'注册日期',7.0,1,0,'reg_date','date',NULL,NULL,NULL,'[]','null','sysadmin',NULL,'2024-02-06 10:56:35','2024-02-06 14:12:35',NULL),
	 ('677bb6dd-8aae-4f9e-8ae0-33673729e91b','d885f3a3-390c-45e4-b7c1-39f0b4cbe62f',NULL,'',NULL,'姓名',-0.5,1,0,'name','text',NULL,NULL,NULL,'[]','null','sysadmin',NULL,'2024-02-06 10:54:46','2024-02-06 14:14:45',NULL),
	 ('69838de7-aebe-4b68-a9b7-2528aa14afb9','c91d1db3-dfe9-4743-b6d4-5607ac8c0bd7',NULL,'',NULL,'备注',4.0,1,0,'description','text',NULL,NULL,NULL,'[]','null','sysadmin',NULL,'2024-02-06 10:50:41','2024-02-06 14:43:31',NULL),
	 ('6f7514bd-f798-4d3f-b005-38397ddf68ed','c91d1db3-dfe9-4743-b6d4-5607ac8c0bd7',NULL,'',NULL,'航程',0.0,1,1,'WTNfCW','float',NULL,NULL,NULL,'[]','null','sysadmin',NULL,'2024-02-06 10:50:40','2024-02-06 10:53:00',NULL),
	 ('7c45aba0-2be0-4d62-90c9-74770cffe8d8','d885f3a3-390c-45e4-b7c1-39f0b4cbe62f',NULL,'',NULL,'出生年月',2.0,1,0,'birth','date',NULL,NULL,NULL,'[]','null','sysadmin',NULL,'2024-02-06 10:54:46','2024-02-06 14:14:45',NULL),
	 ('7e202659-600f-4d04-9881-4868add83c3e','d67de61c-fbb2-41bb-bd30-3e5d6a793558',NULL,'',NULL,'电 话',0.0,1,0,'phone','int',NULL,NULL,NULL,'[]','null','sysadmin',NULL,'2024-02-06 10:39:41','2024-02-06 10:39:41',NULL);
INSERT INTO flyingTrainingDB.column_manage (id,table_id,merge_name,parent,is_parent,name,sort,status,is_delete,code,`type`,`empty`,`primary`,`unique`,association,description,create_user,update_user,create_time,update_time,field_length) VALUES
	 ('7e554f23-9653-4e82-b76a-3b731c717da3','37043b97-d20d-4b51-b551-f5eb3a0d3c00',NULL,'',NULL,'机号',4.0,1,0,'aircraft_card','text',NULL,NULL,NULL,'[]','null','sysadmin',NULL,'2024-02-06 11:00:40','2024-02-27 10:32:19',NULL),
	 ('8746b9b9-c133-4b0c-8697-173e23298395','37043b97-d20d-4b51-b551-f5eb3a0d3c00',NULL,'',NULL,'备注',9.0,1,0,'description','text',NULL,NULL,NULL,'[]','null','sysadmin',NULL,'2024-02-06 11:00:41','2024-02-27 10:32:19',NULL),
	 ('8b0e91fc-d526-40c1-bfac-b601288d1806','4bb123cc-0e5b-4a84-814c-0b1122ebc000',NULL,'',NULL,'备注',11.0,1,0,'description','text',NULL,NULL,NULL,'[]','null','sysadmin',NULL,'2024-02-06 10:56:35','2024-02-06 14:12:35',NULL),
	 ('91bf7f07-ce7d-4efe-ba46-e28d7396ff5a','d67de61c-fbb2-41bb-bd30-3e5d6a793558',NULL,'',NULL,'出生年月',0.0,1,0,'birth','datetime',NULL,NULL,NULL,'[]','null','sysadmin',NULL,'2024-02-06 10:39:40','2024-02-06 10:39:40',NULL),
	 ('93943ea3-04b7-42b4-a063-26ece20607f3','37043b97-d20d-4b51-b551-f5eb3a0d3c00',NULL,'',NULL,'编号',0.5,1,0,'serial_num','text',NULL,NULL,NULL,'[]','null','sysadmin',NULL,'2024-02-06 11:00:39','2024-02-06 14:42:59',NULL),
	 ('93af9775-629e-4fa3-ae7e-e968d8d75d10','c91d1db3-dfe9-4743-b6d4-5607ac8c0bd7',NULL,'',NULL,'航程',3.0,1,0,'flight_range','float',NULL,NULL,NULL,'[]','null','sysadmin',NULL,'2024-02-06 10:51:58','2024-02-06 14:43:31',NULL),
	 ('93bfb6d6-3456-4e39-9fe9-59829589d511','d885f3a3-390c-45e4-b7c1-39f0b4cbe62f',NULL,'',NULL,'政治面貌',6.0,1,0,'politics','text',NULL,NULL,NULL,'[]','null','sysadmin',NULL,'2024-02-06 10:54:47','2024-02-06 14:14:45',NULL),
	 ('9dc44992-392e-4744-b34d-2f33a6361f76','d67de61c-fbb2-41bb-bd30-3e5d6a793558',NULL,'',NULL,'部 门',0.0,1,0,'department','text',NULL,NULL,NULL,'[]','null','sysadmin',NULL,'2024-02-06 10:39:41','2024-02-06 10:39:41',NULL),
	 ('a931e203-803d-4aed-979c-b1b5c34ec275','d67de61c-fbb2-41bb-bd30-3e5d6a793558',NULL,'',NULL,'职 务',0.0,1,0,'duty','text',NULL,NULL,NULL,'[]','null','sysadmin',NULL,'2024-02-06 10:39:41','2024-02-06 10:39:41',NULL),
	 ('a9497f28-425a-4beb-b54b-639aca86afa4','d885f3a3-390c-45e4-b7c1-39f0b4cbe62f',NULL,'',NULL,'身份证号',4.0,1,0,'id_card','text',NULL,NULL,NULL,'[]','null','sysadmin',NULL,'2024-02-06 10:54:47','2024-02-06 14:14:45',NULL);
INSERT INTO flyingTrainingDB.column_manage (id,table_id,merge_name,parent,is_parent,name,sort,status,is_delete,code,`type`,`empty`,`primary`,`unique`,association,description,create_user,update_user,create_time,update_time,field_length) VALUES
	 ('aa52b52b-9310-45a4-8f45-cace2de83315','37043b97-d20d-4b51-b551-f5eb3a0d3c00',NULL,'',NULL,'机型',2.0,1,0,'aircraft_type','text',NULL,NULL,NULL,'[]','null','sysadmin',NULL,'2024-02-06 11:00:40','2024-02-06 14:42:50',NULL),
	 ('ac90c154-f471-4d2d-9815-f3804fa1fe51','37043b97-d20d-4b51-b551-f5eb3a0d3c00',NULL,'',NULL,'注册日期',8.0,1,0,'reg_date','date',NULL,NULL,NULL,'[]','null','sysadmin',NULL,'2024-02-06 11:00:41','2024-02-27 10:32:19',NULL),
	 ('b23d22bf-2dd2-4057-be36-e2d480de6655','c91d1db3-dfe9-4743-b6d4-5607ac8c0bd7',NULL,'',NULL,'飞行时长',2.0,1,0,'flight_duration','float',NULL,NULL,NULL,'[]','null','sysadmin',NULL,'2024-02-06 10:52:44','2024-02-06 14:43:31',NULL),
	 ('bfbe41fc-a60d-45db-bf53-bdf31880eb17','c91d1db3-dfe9-4743-b6d4-5607ac8c0bd7',NULL,'',NULL,'名称',-0.5,1,0,'name','text',NULL,NULL,NULL,'[]','null','sysadmin',NULL,'2024-02-06 14:43:20','2024-02-06 14:43:31',NULL),
	 ('c5bea479-d482-478f-ba0e-4dccaa2e1f6c','4bb123cc-0e5b-4a84-814c-0b1122ebc000',NULL,'',NULL,'性别',1.0,1,0,'gender','int',NULL,NULL,NULL,'[]','null','sysadmin',NULL,'2024-02-06 10:56:35','2024-02-06 14:12:35',NULL),
	 ('c5f4303e-d2df-4e4d-bcb0-d4f95c2d8c7e','37043b97-d20d-4b51-b551-f5eb3a0d3c00',NULL,'',NULL,'飞行时长',5.0,1,0,'flight_duration','float',NULL,NULL,NULL,'[]','null','sysadmin',NULL,'2024-02-06 11:00:40','2024-02-27 10:32:19',NULL),
	 ('c7ba1937-43e6-4bb6-a9ad-bff65df20247','4bb123cc-0e5b-4a84-814c-0b1122ebc000',NULL,'',NULL,'身份证号',4.0,1,0,'id_card','text',NULL,NULL,NULL,'[]','null','sysadmin',NULL,'2024-02-06 10:56:34','2024-02-06 14:12:35',NULL),
	 ('ca88dd61-b218-4f2a-8747-38330c19823f','4bb123cc-0e5b-4a84-814c-0b1122ebc000',NULL,'',NULL,'电 话',6.0,1,0,'phone','text',NULL,NULL,NULL,'[]','null','sysadmin',NULL,'2024-02-06 10:56:34','2024-02-06 14:12:35',NULL),
	 ('cd3b0d53-865b-4024-9004-cd029cbbf475','37043b97-d20d-4b51-b551-f5eb3a0d3c00',NULL,'',NULL,'my_test',3.0,1,0,'my_test','varchar',NULL,NULL,NULL,'[]','null','sysadmin',NULL,'2024-02-23 15:10:23','2024-02-27 10:32:19',10),
	 ('e9b446b6-2d62-4a2e-b6b9-d9f5c9bd30eb','4bb123cc-0e5b-4a84-814c-0b1122ebc000',NULL,'',NULL,'学 历',5.0,1,0,'education','text',NULL,NULL,NULL,'[]','null','sysadmin',NULL,'2024-02-06 10:56:33','2024-02-06 14:12:35',NULL);
INSERT INTO flyingTrainingDB.column_manage (id,table_id,merge_name,parent,is_parent,name,sort,status,is_delete,code,`type`,`empty`,`primary`,`unique`,association,description,create_user,update_user,create_time,update_time,field_length) VALUES
	 ('eb718b5a-05d2-4fb8-b96b-11eb1f92dad7','9740e072-2f46-4174-bbac-2ffdc88751dd',NULL,'',0,'名称',0.0,1,0,'name','varchar',NULL,NULL,NULL,'[]','null','sysadmin',NULL,'2024-02-27 18:56:54','2024-02-27 18:56:54',36),
	 ('f2ad4fb4-64d8-4d48-8d0f-b1574be3c766','d67de61c-fbb2-41bb-bd30-3e5d6a793558',NULL,'',NULL,'注册日期',0.0,1,0,'reg_date','date',NULL,NULL,NULL,'[]','null','sysadmin',NULL,'2024-02-06 10:39:41','2024-02-06 10:39:41',NULL),
	 ('f50ef15c-1df7-479f-8c50-cf3a388ed977','d67de61c-fbb2-41bb-bd30-3e5d6a793558',NULL,'',NULL,'机型',0.0,1,0,'aircraft_type','text',NULL,NULL,NULL,'[]','null','sysadmin',NULL,'2024-02-06 10:39:42','2024-02-06 10:39:42',NULL),
	 ('f65bd74e-dec1-49e0-8f53-23c464de93cf','d67de61c-fbb2-41bb-bd30-3e5d6a793558',NULL,'',NULL,'机号',0.0,1,0,'aircraft_card','text',NULL,NULL,NULL,'[]','null','sysadmin',NULL,'2024-02-06 10:39:42','2024-02-06 10:39:42',NULL),
	 ('f7f53af2-f78f-4388-8eb6-58a8b5d5842d','37043b97-d20d-4b51-b551-f5eb3a0d3c00',NULL,'',NULL,'单位',7.0,1,0,'org','text',NULL,NULL,NULL,'[]','null','sysadmin',NULL,'2024-02-06 11:00:40','2024-02-27 10:32:19',NULL),
	 ('f8ff9181-d7f0-4a68-a303-bb7b34745941','c91d1db3-dfe9-4743-b6d4-5607ac8c0bd7',NULL,'',NULL,'编号',0.5,1,0,'serial_num','text',NULL,NULL,NULL,'[]','null','sysadmin',NULL,'2024-02-06 10:50:40','2024-02-06 14:43:31',NULL),
	 ('f9f96095-69ec-427c-aff9-dc1dcf884bbb','d885f3a3-390c-45e4-b7c1-39f0b4cbe62f',NULL,'',NULL,'部 门',7.0,1,0,'department','text',NULL,NULL,NULL,'[]','null','sysadmin',NULL,'2024-02-06 10:54:47','2024-02-06 14:14:45',NULL);
INSERT INTO flyingTrainingDB.flying_service (id,name,route_id,plane_id,coach_id,student_id,plan_duration,plan_time_start,plan_time_end,real_duration,real_time_start,real_time_end,status,handle_time,handle_user,handle_reason,adjust_id,description,create_time,update_time,is_delete,expand_data) VALUES
	 ('0994cb52-ce4b-48e7-81b7-52d2fac1cd09','p1','1','1','1','1',120,'2024-02-21 08:00:00','2024-02-21 10:00:00',NULL,'2024-02-21 08:00:00','2024-02-21 10:00:00',1,NULL,NULL,'null',NULL,'null','2024-02-21 15:45:44','2024-02-23 14:34:26',1,'{}'),
	 ('213b08a3-ec55-4f61-b79f-9de6b7a8a3ce','s-1','1','1','1','1',120,'2024-02-23 09:00:00','2024-02-23 11:00:00',NULL,'2024-02-23 09:00:00','2024-02-23 11:00:00',1,NULL,NULL,'null',NULL,'null','2024-02-23 14:36:01','2024-02-23 14:50:18',1,'{"name": "s-1", "coach": {"id": 1, "table": "coach"}, "plane": {"id": 1, "table": "plane"}, "status": 1, "student": {"id": 1, "table": "student"}, "end_time": "2024-02-23 18:00:00", "fly_route": {"id": 1, "table": "fly_route"}, "start_time": "2024-02-23 08:00:00", "handle_user": "sysadmin", "exclude_time": [["2024-02-23 08:00:00", "2024-02-23 09:00:00"]], "coach_most_ply": 5, "plane_most_ply": 2, "flight_duration": 120, "flight_interval": 30, "student_most_ply": 10}'),
	 ('243d1975-5d35-47da-8aab-e6befc6e2af7','s-2','1','1','1','1',120,'2024-02-22 08:00:00','2024-02-22 10:00:00',NULL,'2024-02-22 08:00:00','2024-02-22 10:00:00',1,NULL,NULL,'null',NULL,'null','2024-02-22 17:11:11','2024-02-23 14:34:51',1,'{}'),
	 ('2a65a425-4496-4d33-8100-23c61bc232bc','s-1','1','1','1','1',120,'2024-02-22 00:00:00','2024-02-22 02:00:00',NULL,'2024-02-22 00:00:00','2024-02-22 02:00:00',1,NULL,NULL,'null',NULL,'null','2024-02-22 11:05:01','2024-02-23 14:34:51',1,'{}'),
	 ('2f449834-00fb-48f3-8d16-de0bf4ca86c9','s-4','3','3','3','3',75,'2024-02-22 09:00:00','2024-02-22 10:15:00',NULL,'2024-02-22 09:00:00','2024-02-22 10:15:00',1,NULL,NULL,'null',NULL,'null','2024-02-22 18:01:04','2024-02-23 14:34:51',1,'{"name": "s-4", "coach": {"id": 3, "table": "coach"}, "plane": {"id": 3, "table": "plane"}, "status": 1, "student": {"id": 3, "table": "student"}, "end_time": "2024-02-22 18:00:00", "fly_route": {"id": 3, "table": "fly_route"}, "start_time": "2024-02-22 08:00:00", "handle_user": "sysadmin", "exclude_time": [["2024-02-22 08:00:00", "2024-02-22 09:00:00"]], "plan_duration": 75.0, "coach_most_ply": 5, "plane_most_ply": 2, "flight_interval": 20, "student_most_ply": 10}'),
	 ('3d373f2f-2493-410d-9acf-d60df5693dbd','s-3','3','3','3','3',75,'2024-02-22 09:00:00','2024-02-22 10:15:00',NULL,'2024-02-22 09:00:00','2024-02-22 10:15:00',1,NULL,NULL,'null',NULL,'null','2024-02-22 17:38:47','2024-02-22 17:54:55',1,'{"name": "s-3", "coach": {"id": 3, "table": "coach"}, "plane": {"id": 3, "table": "plane"}, "status": 1, "student": {"id": 3, "table": "student"}, "end_time": "2024-02-22 18:00:00", "fly_route": {"id": 3, "table": "fly_route"}, "start_time": "2024-02-22 08:00:00", "handle_user": "sysadmin", "exclude_time": [["2024-02-22 08:00:00", "2024-02-22 09:00:00"], ["2024-02-22 12:29:23", "2024-02-22 13:00:00"]], "plan_duration": 75.0, "coach_most_ply": 5, "plane_most_ply": 2, "flight_interval": 20, "student_most_ply": 10}'),
	 ('3d9b63e3-d320-4e21-8c69-aef9afe5e704','s-1','3','2','2','2',75,'2024-02-22 08:00:00','2024-02-22 09:15:00',NULL,'2024-02-22 08:00:00','2024-02-22 09:15:00',1,NULL,NULL,'null',NULL,'null','2024-02-22 10:55:12','2024-02-23 14:34:26',1,'{}'),
	 ('3e221088-0e99-4b8d-8f04-388849c1ee39','s-1','1','1','1','1',120,'2024-02-23 09:00:00','2024-02-23 11:00:00',NULL,'2024-02-23 09:00:00','2024-02-23 11:00:00',1,NULL,NULL,'null',NULL,'null','2024-02-23 15:04:14','2024-02-23 15:04:47',1,'{"name": "s-1", "coach": {"id": 1, "table": "coach"}, "plane": {"id": 1, "table": "plane"}, "status": 1, "student": {"id": 1, "table": "student"}, "end_time": "2024-02-23 18:00:00", "fly_route": {"id": 1, "table": "fly_route"}, "start_time": "2024-02-23 08:00:00", "handle_user": "sysadmin", "exclude_time": [["2024-02-23 08:00:00", "2024-02-23 09:00:00"]], "coach_most_ply": null, "plane_most_ply": null, "flight_duration": 120, "flight_interval": 30, "student_most_ply": null}'),
	 ('4d5a28d6-7af4-4f4f-8bda-b6feaf04434f','a-1','1','1','1','4',120,'2024-02-22 09:00:00','2024-02-22 11:00:00',NULL,'2024-02-22 09:00:00','2024-02-22 11:00:00',1,NULL,NULL,'null',NULL,'null','2024-02-22 10:56:15','2024-02-23 14:34:26',1,'{}'),
	 ('4eeb03f6-cb5d-4e80-97b0-1f9800ca6119','auto-1','1','1','1','4',120,'2024-02-23 08:00:00','2024-02-23 10:00:00',NULL,'2024-02-23 08:00:00','2024-02-23 10:00:00',1,NULL,NULL,'null',NULL,'null','2024-02-23 15:07:26','2024-02-23 15:07:26',0,'{"name": "auto-1", "coach": {"id": [1, 2, 3, 4], "table": "coach"}, "plane": {"id": [1, 2, 3], "table": "plane"}, "status": 1, "student": {"id": [1, 2, 3, 4], "table": "student"}, "end_time": "2024-02-23 18:00:00", "fly_route": {"id": [1, 2, 3], "table": "fly_route"}, "start_time": "2024-02-23 08:00:00", "handle_user": "sysadmin", "exclude_time": [], "coach_most_ply": 5, "plane_most_ply": 2, "flight_duration": 120, "flight_interval": 30, "student_most_ply": 10}');
INSERT INTO flyingTrainingDB.flying_service (id,name,route_id,plane_id,coach_id,student_id,plan_duration,plan_time_start,plan_time_end,real_duration,real_time_start,real_time_end,status,handle_time,handle_user,handle_reason,adjust_id,description,create_time,update_time,is_delete,expand_data) VALUES
	 ('57e6bc55-72d6-4408-a034-f71f112c72f1','s-1','2','飞机1','乔刚','秦英',120,'2024-02-23 09:00:00','2024-02-23 11:00:00',NULL,'2024-02-23 09:00:00','2024-02-23 11:00:00',1,NULL,NULL,'null',NULL,'null','2024-02-23 14:50:18','2024-02-23 14:52:50',1,'{"name": "s-1", "coach": {"id": "乔刚", "table": "coach"}, "plane": {"id": "飞机1", "table": "plane"}, "status": 1, "student": {"id": "秦英", "table": "student"}, "end_time": "2024-02-23 11:00:00", "fly_route": {"id": 2, "table": "fly_route"}, "start_time": "2024-02-23 09:00:00", "description": "desc", "handle_user": "sysadmin", "exclude_time": [["2024-02-23 08:00:00", "2024-02-23 09:00:00"]], "coach_most_ply": 5, "plane_most_ply": 2, "flight_duration": 120, "flight_interval": 30, "student_most_ply": 10}'),
	 ('5cb7e5ba-fb49-4051-adcf-c3c4d82f18cd','s-13','1','1','1','1',120,'2024-02-23 10:30:00','2024-02-23 12:30:00',NULL,'2024-02-23 10:30:00','2024-02-23 12:30:00',1,NULL,NULL,'null',NULL,'null','2024-02-23 10:35:05','2024-02-23 14:34:52',1,'{"name": "s-13", "coach": {"id": 1, "table": "coach"}, "plane": {"id": 1, "table": "plane"}, "status": 1, "student": {"id": 1, "table": "student"}, "end_time": "2024-02-23 18:00:00", "fly_route": {"id": 1, "table": "fly_route"}, "start_time": "2024-02-23 08:00:00", "handle_user": "sysadmin", "exclude_time": [], "plan_duration": 120.0, "coach_most_ply": 5, "plane_most_ply": 2, "flight_interval": 30, "student_most_ply": 5}'),
	 ('63af99a3-0a31-4a02-912c-0f6aaf8343a2','a-1','1','1','1','1',120,'2024-02-22 11:30:00','2024-02-22 13:30:00',NULL,'2024-02-22 11:30:00','2024-02-22 13:30:00',1,NULL,NULL,'null',NULL,'null','2024-02-22 10:56:15','2024-02-23 14:34:26',1,'{}'),
	 ('69f6b0f6-13aa-44d3-bf68-01695b973e57','s-1','2','1','1','1',120,'2024-02-23 01:20:00','2024-02-23 03:20:00',NULL,'2024-02-23 01:20:00','2024-02-23 03:20:00',1,NULL,NULL,'null',NULL,'null','2024-02-23 15:08:33','2024-02-23 15:08:33',0,'{"name": "s-1", "coach": {"id": 1, "table": "coach"}, "plane": {"id": 1, "table": "plane"}, "status": 1, "student": {"id": 1, "table": "student"}, "end_time": "2024-02-23 03:20:00", "fly_route": {"id": 2, "table": "fly_route"}, "start_time": "2024-02-23 01:20:00", "description": "dee", "handle_user": "sysadmin", "exclude_time": [], "coach_most_ply": 5, "plane_most_ply": 2, "flight_duration": 120, "flight_interval": 30, "student_most_ply": 10}'),
	 ('6d33013c-ac31-4ab2-b8c9-da508b45916d','s-1','1','2','1','1',120,'2024-02-21 10:00:00','2024-02-21 12:00:00',NULL,'2024-02-21 10:00:00','2024-02-21 12:00:00',1,NULL,NULL,'null',NULL,'null','2024-02-21 17:38:31','2024-02-23 14:34:26',1,'{}'),
	 ('6e57128d-787c-4135-977d-4a43131799cc','s-1','1','1','1','1',120,'2024-02-23 01:00:00','2024-02-23 03:00:00',NULL,'2024-02-23 01:00:00','2024-02-23 03:00:00',1,NULL,NULL,'null',NULL,'null','2024-02-23 15:08:14','2024-02-23 15:08:33',1,'{"name": "s-1", "coach": {"id": 1, "table": "coach"}, "plane": {"id": 1, "table": "plane"}, "status": 1, "student": {"id": 1, "table": "student"}, "end_time": "2024-02-23 06:00:00", "fly_route": {"id": 1, "table": "fly_route"}, "start_time": "2024-02-23 01:00:00", "handle_user": "sysadmin", "exclude_time": [], "coach_most_ply": 5, "plane_most_ply": 2, "flight_duration": 120, "flight_interval": 30, "student_most_ply": 10}'),
	 ('73da9081-d341-4faa-9cf1-18b1eefb8298','s-2','1','1','1','1',120,'2024-02-22 08:00:00','2024-02-22 10:00:00',NULL,'2024-02-22 08:00:00','2024-02-22 10:00:00',1,NULL,NULL,'null',NULL,'null','2024-02-22 17:07:09','2024-02-23 14:34:26',1,'{}'),
	 ('86b060e5-d242-41bd-a74a-b84a6494aae7','auto-1','1','1','1','1',120,'2024-02-23 10:30:00','2024-02-23 12:30:00',NULL,'2024-02-23 10:30:00','2024-02-23 12:30:00',1,NULL,NULL,'null',NULL,'null','2024-02-23 15:07:26','2024-02-23 15:07:26',0,'{"name": "auto-1", "coach": {"id": [1, 2, 3, 4], "table": "coach"}, "plane": {"id": [1, 2, 3], "table": "plane"}, "status": 1, "student": {"id": [1, 2, 3, 4], "table": "student"}, "end_time": "2024-02-23 18:00:00", "fly_route": {"id": [1, 2, 3], "table": "fly_route"}, "start_time": "2024-02-23 08:00:00", "handle_user": "sysadmin", "exclude_time": [], "coach_most_ply": 5, "plane_most_ply": 2, "flight_duration": 120, "flight_interval": 30, "student_most_ply": 10}'),
	 ('87f7084d-2343-4c6d-a753-89724c031003','a-1','2','1','1','3',30,'2024-02-23 08:10:00','2024-02-23 08:40:00',NULL,'2024-02-23 08:10:00','2024-02-23 08:40:00',1,NULL,NULL,'null',NULL,'null','2024-02-23 15:06:07','2024-02-23 15:06:07',0,'{"name": "a-1", "coach": {"id": [1, 2], "table": "coach"}, "plane": {"id": [1, 2], "table": "plane"}, "status": 1, "student": {"id": [1, 3, 2], "table": "student"}, "end_time": "2024-02-23 13:00:00", "fly_route": {"id": [1, 2, 3], "table": "fly_route"}, "start_time": "2024-02-23 08:00:00", "handle_user": "sysadmin", "exclude_time": [["2024-02-23 08:00:00", "2024-02-23 08:10:00"]], "coach_most_ply": 5, "plane_most_ply": 2, "flight_duration": 30, "flight_interval": 30, "student_most_ply": 10}'),
	 ('91f5f5d9-919d-4812-89ae-1a8cd2a14a9c','line-3','3','2','1','1',75,'2024-02-21 00:00:00','2024-02-21 01:15:00',NULL,'2024-02-21 00:00:00','2024-02-21 01:15:00',1,NULL,NULL,'null',NULL,'null','2024-02-22 09:58:59','2024-02-23 14:34:26',1,'{}');
INSERT INTO flyingTrainingDB.flying_service (id,name,route_id,plane_id,coach_id,student_id,plan_duration,plan_time_start,plan_time_end,real_duration,real_time_start,real_time_end,status,handle_time,handle_user,handle_reason,adjust_id,description,create_time,update_time,is_delete,expand_data) VALUES
	 ('99c432b5-57e5-417f-b6a1-79c1a36c792c','s-11','1','1','1','1',120,'2024-02-23 08:00:00','2024-02-23 10:00:00',NULL,'2024-02-23 08:00:00','2024-02-23 10:00:00',1,NULL,NULL,'null',NULL,'null','2024-02-23 09:27:32','2024-02-23 14:34:52',1,'{"name": "s-11", "coach": {"id": 1, "table": "coach"}, "plane": {"id": 1, "table": "plane"}, "status": 1, "student": {"id": 1, "table": "student"}, "end_time": "2024-02-23 18:00:00", "fly_route": {"id": 1, "table": "fly_route"}, "start_time": "2024-02-23 08:00:00", "handle_user": "sysadmin", "exclude_time": [], "plan_duration": 120.0, "coach_most_ply": 2, "plane_most_ply": 2, "flight_interval": 30, "student_most_ply": 2}'),
	 ('c4364e08-cdb2-4c8d-b65d-12594c3a6ead','auto-1','3','3','3','3',120,'2024-02-23 08:00:00','2024-02-23 10:00:00',NULL,'2024-02-23 08:00:00','2024-02-23 10:00:00',1,NULL,NULL,'null',NULL,'null','2024-02-23 15:07:26','2024-02-23 15:07:26',0,'{"name": "auto-1", "coach": {"id": [1, 2, 3, 4], "table": "coach"}, "plane": {"id": [1, 2, 3], "table": "plane"}, "status": 1, "student": {"id": [1, 2, 3, 4], "table": "student"}, "end_time": "2024-02-23 18:00:00", "fly_route": {"id": [1, 2, 3], "table": "fly_route"}, "start_time": "2024-02-23 08:00:00", "handle_user": "sysadmin", "exclude_time": [], "coach_most_ply": 5, "plane_most_ply": 2, "flight_duration": 120, "flight_interval": 30, "student_most_ply": 10}'),
	 ('c6705136-1559-4762-8840-2911022228c1','auto-1','2','2','2','2',120,'2024-02-23 08:00:00','2024-02-23 10:00:00',NULL,'2024-02-23 08:00:00','2024-02-23 10:00:00',1,NULL,NULL,'null',NULL,'null','2024-02-23 15:07:26','2024-02-23 15:07:26',0,'{"name": "auto-1", "coach": {"id": [1, 2, 3, 4], "table": "coach"}, "plane": {"id": [1, 2, 3], "table": "plane"}, "status": 1, "student": {"id": [1, 2, 3, 4], "table": "student"}, "end_time": "2024-02-23 18:00:00", "fly_route": {"id": [1, 2, 3], "table": "fly_route"}, "start_time": "2024-02-23 08:00:00", "handle_user": "sysadmin", "exclude_time": [], "coach_most_ply": 5, "plane_most_ply": 2, "flight_duration": 120, "flight_interval": 30, "student_most_ply": 10}'),
	 ('d7349949-bfce-4639-b930-84058e34dd45','a-1','1','2','2','1',30,'2024-02-23 08:10:00','2024-02-23 08:40:00',NULL,'2024-02-23 08:10:00','2024-02-23 08:40:00',1,NULL,NULL,'null',NULL,'null','2024-02-23 15:06:07','2024-02-23 15:06:07',0,'{"name": "a-1", "coach": {"id": [1, 2], "table": "coach"}, "plane": {"id": [1, 2], "table": "plane"}, "status": 1, "student": {"id": [1, 3, 2], "table": "student"}, "end_time": "2024-02-23 13:00:00", "fly_route": {"id": [1, 2, 3], "table": "fly_route"}, "start_time": "2024-02-23 08:00:00", "handle_user": "sysadmin", "exclude_time": [["2024-02-23 08:00:00", "2024-02-23 08:10:00"]], "coach_most_ply": 5, "plane_most_ply": 2, "flight_duration": 30, "flight_interval": 30, "student_most_ply": 10}'),
	 ('e5fd84bd-3ca9-4194-b543-aa0c54f91d46','a-1','3','3','3','3',75,'2024-02-22 09:00:00','2024-02-22 10:15:00',NULL,'2024-02-22 09:00:00','2024-02-22 10:15:00',1,NULL,NULL,'null',NULL,'null','2024-02-22 10:56:15','2024-02-23 14:34:26',1,'{}'),
	 ('edcccb3e-7c5e-4069-b384-5e32671f7de6','s-1','1','1','1','1',120,'2024-02-23 09:00:00','2024-02-23 11:00:00',NULL,'2024-02-23 09:00:00','2024-02-23 11:00:00',1,NULL,NULL,'null',NULL,'null','2024-02-23 14:53:33','2024-02-23 15:02:39',1,'{"name": "s-1", "coach": {"id": 1, "table": "coach"}, "plane": {"id": 1, "table": "plane"}, "status": 1, "student": {"id": 1, "table": "student"}, "end_time": "2024-02-23 18:00:00", "fly_route": {"id": 1, "table": "fly_route"}, "start_time": "2024-02-23 08:00:00", "handle_user": "sysadmin", "exclude_time": [["2024-02-23 08:00:00", "2024-02-23 09:00:00"]], "coach_most_ply": 5, "plane_most_ply": 2, "flight_duration": 120, "flight_interval": 30, "student_most_ply": 10}'),
	 ('f60a6636-3273-4e67-ae10-56dae6b7f3f3','a-1','2','2','2','2',90,'2024-02-22 09:00:00','2024-02-22 10:30:00',NULL,'2024-02-22 09:00:00','2024-02-22 10:30:00',1,NULL,NULL,'null',NULL,'null','2024-02-22 10:56:15','2024-02-23 14:34:26',1,'{}'),
	 ('fccde7d5-f13c-4074-bbce-77f875b39033','s-2-1','2','2','2','2',90,'2024-02-22 08:00:00','2024-02-22 09:30:00',NULL,'2024-02-22 08:00:00','2024-02-22 09:30:00',1,NULL,NULL,'null',NULL,'null','2024-02-22 17:16:32','2024-02-23 14:34:52',1,'{"name": "s-2-1", "coach": {"id": 2, "table": "coach"}, "plane": {"id": 2, "table": "plane"}, "status": 1, "student": {"id": 2, "table": "student"}, "end_time": "2024-02-22 18:00:00", "fly_route": {"id": 2, "table": "fly_route"}, "start_time": "2024-02-22 08:00:00", "handle_user": "sysadmin", "exclude_time": [], "plan_duration": 90.0, "coach_most_ply": 5, "plane_most_ply": 2, "flight_interval": 60, "student_most_ply": 10}');
